{"cameraMode":{"drawMode":0,"name":"Shaded","section":"Shading Mode"},"sceneLighting":true,"audioPlay":false,"sceneViewState":{"showFog":true,"showMaterialUpdate":true,"showSkybox":false,"showFlares":true,"showImageEffects":true,"showParticleSystems":true},"in2DMode":false,"pivot":{"x":-9.356283187866211,"y":-9.719828605651856,"z":2.713036298751831},"rotation":{"x":0.25920844078063967,"y":-0.374112993478775,"z":0.10975122451782227,"w":0.8836318254470825},"size":30.950111389160158,"orthographic":false}