{"cameraMode":{"drawMode":0,"name":"Shaded","section":"Shading Mode"},"sceneLighting":false,"audioPlay":false,"sceneViewState":{"showFog":true,"showMaterialUpdate":true,"showSkybox":false,"showFlares":true,"showImageEffects":true,"showParticleSystems":true},"in2DMode":false,"pivot":{"x":-0.5099999904632568,"y":-3.9820680618286135,"z":6.960000038146973},"rotation":{"x":0.12982437014579774,"y":0.3040921688079834,"z":-0.041869763284921649,"w":0.9428258538246155},"size":2.3334522247314455,"orthographic":false}