{"cameraMode":{"drawMode":0,"name":"Shaded","section":"Shading Mode"},"sceneLighting":false,"audioPlay":false,"sceneViewState":{"showFog":true,"showMaterialUpdate":true,"showSkybox":false,"showFlares":true,"showImageEffects":true,"showParticleSystems":true},"in2DMode":false,"pivot":{"x":0.3272237777709961,"y":-0.4680028557777405,"z":6.817882061004639},"rotation":{"x":-0.12995348870754243,"y":-0.17102427780628205,"z":0.0227619968354702,"w":-0.9763937592506409},"size":4.5584025382995609,"orthographic":false}