{"cameraMode":{"drawMode":0,"name":"Shaded","section":"Shading Mode"},"sceneLighting":false,"audioPlay":false,"sceneViewState":{"showFog":true,"showMaterialUpdate":true,"showSkybox":false,"showFlares":true,"showImageEffects":true,"showParticleSystems":true},"in2DMode":false,"pivot":{"x":0.01791292428970337,"y":0.13305409252643586,"z":-0.02839672565460205},"rotation":{"x":-0.009249490685760975,"y":-0.5200164914131165,"z":0.0056283436715602879,"w":-0.8540875911712647},"size":1.0171282291412354,"orthographic":false}