{"cameraMode":{"drawMode":0,"name":"Shaded","section":"Shading Mode"},"sceneLighting":false,"audioPlay":false,"sceneViewState":{"showFog":true,"showMaterialUpdate":true,"showSkybox":false,"showFlares":true,"showImageEffects":true,"showParticleSystems":true},"in2DMode":false,"pivot":{"x":-0.0006894469261169434,"y":-7.450580596923828e-9,"z":-0.04532688856124878},"rotation":{"x":0.03164732828736305,"y":0.24978695809841157,"z":0.00816858559846878,"w":-0.9677490592002869},"size":3.3931424617767336,"orthographic":false}